SNPs	Cons/Poli	X	Common/Frequency
S,N	P	X:3	S:448,N:3
F,L	P	X:3	F:448,L:3
I,T	P	X:1	I:434,T:19
A,T	P	X:1	A:437,T:16
D,E	P	X:1	D:386,E:67
S,N	P		S:436,N:18
A,V	P		A:445,V:9
N,S,K	P		N:322,S:131,K:1
E,K	P		E:449,K:5
T,A	P		T:437,A:17
V,I	P		V:449,I:5
T,-	P	X:1	T:449,-:4
V,L,G	P	X:3	V:442,L:8,G:1
K,R	P	X:1	K:436,R:17
M,V,L	P		M:443,V:10,L:1
M,T,V	P		M:447,T:6,V:1
V,L	P		V:444,L:10
V,I	P	X:3	V:448,I:3
E	P	X:5	E:449
D,E	P	X:4	D:448,E:2
S,F	P	X:4	S:448,F:2
W	P	X:5	W:449
R,K,G,S	P	X:5	R:445,K:2,G:1,S:1
L	P	X:5	L:449
I,V	P	X:4	I:448,V:2
E	P	X:5	E:449
G,R	P	X:4	G:449,R:1
Q	P	X:5	Q:449
L	P	X:5	L:449
G,A	P		G:378,A:76
Y,H,D	P		Y:447,H:6,D:1
K,E,N	P		K:449,E:4,N:1
V,A	P		V:447,A:7
V,A	P		V:347,A:107
K,T,Q	P	X:2	K:449,T:2,Q:1
K,E	P	X:2	K:448,E:4
R,W,Q	P	X:2	R:375,W:64,Q:13
M,V,T	P		M:380,V:73,T:1
I,M,T,V	P		I:448,M:3,T:2,V:1
A,T,V	P		A:448,T:3,V:3
I,V,T	P	X:1	I:445,V:5,T:3
I,V	P		I:446,V:8
V,A	P	X:1	V:448,A:5
A,V,T	P		A:449,V:4,T:1
M,I,V	P		M:448,I:5,V:1
V,I	P	X:1	V:448,I:5
P	P	X:5	P:449
T,A	P	X:1	T:446,A:7
V,I,M	P		V:436,I:17,M:1
I,T,F,V	P	X:1	I:449,T:2,F:1,V:1
D,G	P	X:2	D:449,G:3
G,D,E	P	X:3	G:449,D:1,E:1
D,E,I	P	X:14	D:438,E:1,I:1
I,G	P	X:14	I:439,G:1
G,A	P	X:16	G:437,A:1
A,V	P	X:16	A:437,V:1
V,A,I	P	X:16	V:436,A:1,I:1
A,L	P	X:17	A:436,L:1
L,D	P	X:17	L:436,D:1
D,Y	P	X:17	D:436,Y:1
Y,P	P	X:17	Y:436,P:1
P,A	P	X:17	P:436,A:1
A,G	P	X:17	A:436,G:1
G,T	P	X:16	G:437,T:1
T,S	P	X:16	T:437,S:1
S,G	P	X:16	S:437,G:1
G,S	P	X:16	G:437,S:1
S,P	P	X:16	S:437,P:1
P,I	P	X:16	P:437,I:1
I,L	P	X:16	I:437,L:1
L,D	P	X:16	L:437,D:1
D,K	P	X:16	D:437,K:1
K,C	P	X:16	K:437,C:1
C,G	P	X:16	C:437,G:1
G,R	P	X:16	G:437,R:1
R,V	P	X:16	R:437,V:1
V,I	P	X:16	V:437,I:1
I,G	P	X:16	I:437,G:1
G,L	P	X:16	G:437,L:1
L,Y	P	X:16	L:437,Y:1
Y,G	P	X:16	Y:437,G:1
G,N	P	X:16	G:437,N:1
N,G	P	X:16	N:437,G:1
G,V	P	X:16	G:437,V:1
V	P	X:16	V:438
V,I	P	X:13	V:440,I:1
I,K	P	X:13	I:440,K:1
K,N	P	X:13	K:440,N:1
N,G	P	X:13	N:440,G:1
G,S	P	X:13	G:440,S:1
S,Y,G	P	X:13	S:439,Y:1,G:1
Y,V	P	X:13	Y:440,V:1
V,S	P	X:13	V:440,S:1
S,A	P	X:14	S:439,A:1
A,I	P	X:15	A:438,I:1
I,T	P	X:16	I:437,T:1
T,Q	P	X:16	T:437,Q:1
Q,G	P	X:16	Q:437,G:1
G,R	P	X:16	G:437,R:1
R,K	P	X:16	R:435,K:3
R,E	P	X:17	R:436,E:1
E,G	P	X:17	E:435,G:2
E	P	X:17	E:437
E,T,D	P	X:17	E:435,T:1,D:1
T,P	P	X:17	T:436,P:1
P,V	P	X:17	P:436,V:1
V,E	P	X:17	V:436,E:1
E,D,C	P	X:17	E:434,D:2,C:1
C,F	P	X:17	C:436,F:1
F,E	P	X:15	F:438,E:1
E,P	P	X:15	E:438,P:1
P,S	P	X:13	P:440,S:1
S,M	P	X:13	S:440,M:1
M,L	P	X:12	M:441,L:1
L,K	P	X:12	L:441,K:1
K,R	P	X:9	K:443,R:2
T,A,K,R	P	X:1	T:446,A:4,K:2,R:1
E,A	P	X:4	E:449,A:1
Y,D,N	P	X:4	Y:448,D:1,N:1
H,Y,S	P	X:1	H:443,Y:9,S:1
H,N,Q	P		H:447,N:6,Q:1
P,S,V	P		P:447,S:6,V:1
Y,L,H	P	X:3	Y:449,L:1,H:1
K,R	P	X:1	K:448,R:5
T,M,A	P	X:1	T:447,M:5,A:1
M,L,E	P	X:1	M:377,L:75,E:1
H,Y,G,C	P	X:1	H:325,Y:126,G:1,C:1
K,R	P	X:1	K:449,R:4
F,L,G	P		F:447,L:6,G:1
I,M,G	P		I:449,M:4,G:1
H,Q,Y,L	P	X:1	H:449,Q:2,Y:1,L:1
A,T,N	P		A:448,T:4,N:2
I,M,T,V,G	P		I:440,M:9,T:2,V:2,G:1
I,M,G,V,L	P		I:442,M:9,G:1,V:1,L:1
I,T,D	P	X:3	I:449,T:1,D:1
P,Q,H	P	X:3	P:449,Q:1,H:1
Q,V,R	P	X:4	Q:448,V:1,R:1
V,E	P	X:4	V:449,E:1
E,K	P	X:4	E:449,K:1
K,M	P	X:5	K:448,M:1
M,G	P	X:6	M:447,G:1
G,Q	P	X:6	G:447,Q:1
Q,V	P	X:6	Q:447,V:1
V,L	P	X:7	V:446,L:1
L	P	X:5	L:449
L,I	P	X:5	L:448,I:1
I,M,L,T,A	P	X:6	I:437,M:6,L:3,T:1,A:1
A,V	P	X:5	A:448,V:1
V,A	P	X:5	V:447,A:2
A,V	P	X:5	A:448,V:1
V,A,S,I	P	X:5	V:445,A:2,S:1,I:1
S	P	X:5	S:449
S,G,A	P	X:5	S:447,G:1,A:1
A,I	P	X:7	A:446,I:1
I,V,L	P	X:5	I:446,V:2,L:1
L,S	P	X:5	L:448,S:1
S,L,R	P	X:5	S:444,L:4,R:1
R,T	P	X:5	R:448,T:1
T,A	P	X:5	T:448,A:1
A,W	P	X:5	A:448,W:1
W,G	P	X:6	W:447,G:1
G,W	P	X:5	G:448,W:1
W,G	P	X:6	W:447,G:1
G,E	P	X:5	G:448,E:1
E,G,A	P	X:4	E:448,G:1,A:1
A,G	P	X:4	A:449,G:1
G,A	P	X:4	G:449,A:1
A,T,L	P	X:5	A:447,T:1,L:1
L,I	P	X:4	L:449,I:1
I,T	P	X:4	I:449,T:1
T,A	P	X:4	T:449,A:1
A,T	P	X:4	A:449,T:1
A,T	P	X:4	A:449,T:1
T,S	P	X:4	T:449,S:1
S,T	P	X:4	S:449,T:1
T,L	P	X:4	T:449,L:1
L,W	P	X:4	L:449,W:1
W,E	P	X:5	W:448,E:1
E,G	P	X:4	E:449,G:1
G,S	P	X:4	G:449,S:1
S,P	P	X:4	S:449,P:1
P,N	P	X:4	P:449,N:1
N,K	P	X:4	N:449,K:1
K,Y,N	P	X:4	K:448,Y:1,N:1
Y,W	P	X:4	Y:449,W:1
W,N	P	X:4	W:449,N:1
N,S	P	X:4	N:449,S:1
S,T	P	X:4	S:449,T:1
T	P	X:5	T:449
A,T	P	X:4	A:449,T:1
T,S	P	X:4	T:449,S:1
S,L	P	X:4	S:449,L:1
L,C	P	X:4	L:449,C:1
C,N	P	X:4	C:449,N:1
E,D,R	P		E:449,D:4,R:1
Y,H,G	P	X:2	Y:443,H:8,G:1
I,V,D	P		I:448,V:5,D:1
A,V,T	P	X:1	A:436,V:13,T:4
K,R,G	P	X:4	K:447,R:2,G:1
G,Y	P	X:4	G:449,Y:1
Y,T	P	X:4	Y:449,T:1
T,K	P	X:4	T:449,K:1
K,G	P	X:4	K:449,G:1
G,P	P	X:4	G:449,P:1
P,G	P	X:4	P:449,G:1
G,H	P	X:4	G:449,H:1
H,E	P	X:4	H:449,E:1
E,P	P	X:4	E:449,P:1
P,V	P	X:4	P:449,V:1
V,M,L	P	X:4	V:287,M:162,L:1
L,V	P	X:4	L:449,V:1
V,Q	P	X:4	V:449,Q:1
Q,S	P	X:4	Q:449,S:1
S,Y	P	X:4	S:449,Y:1
Y,G	P	X:5	Y:448,G:1
G,W	P	X:5	G:448,W:1
W,N	P	X:5	W:448,N:1
N,I	P	X:5	N:448,I:1
I,V	P	X:5	I:448,V:1
V,R	P	X:5	V:448,R:1
R,L	P	X:5	R:448,L:1
L,K	P	X:5	L:448,K:1
K,S	P	X:5	K:448,S:1
S,G	P	X:5	S:448,G:1
G,V	P	X:5	G:448,V:1
V,D	P	X:6	V:447,D:1
D,V,N	P	X:5	D:447,V:1,N:1
V,F	P	X:5	V:448,F:1
F,H	P	X:5	F:448,H:1
H,M	P	X:5	H:448,M:1
M,T,A	P	X:6	M:446,T:1,A:1
A,S	P	X:5	A:448,S:1
A,E	P	X:5	A:448,E:1
E,P	P	X:5	E:448,P:1
P,S,C	P	X:6	P:445,S:2,C:1
C,D	P	X:6	C:447,D:1
D,T	P	X:6	D:447,T:1
T,L	P	X:6	T:447,L:1
L	P	X:6	L:448
L,C	P	X:5	L:448,C:1
C,D	P	X:5	C:448,D:1
D,I	P	X:5	D:448,I:1
I,G	P	X:5	I:448,G:1
G,E	P	X:5	G:448,E:1
E,S	P	X:5	E:448,S:1
S,P	P	X:4	S:449,P:1
P,L,E	P	X:4	P:448,L:1,E:1
E,V	P	X:4	E:449,V:1
V,E	P	X:4	V:449,E:1
E,A	P	X:5	E:448,A:1
A,T,R	P	X:4	A:446,T:3,R:1
R,T	P	X:4	R:449,T:1
T,L	P	X:5	T:448,L:1
L,R	P	X:4	L:449,R:1
R,V	P	X:4	R:449,V:1
V,L	P	X:4	V:449,L:1
L,S	P	X:4	L:449,S:1
S,M	P	X:4	S:449,M:1
M,V	P	X:4	M:449,V:1
V,G,A	P	X:4	V:448,G:1,A:1
G,D	P	X:4	G:449,D:1
D,W	P	X:4	D:449,W:1
E,K	P	X:5	E:448,K:1
L,M,-,E	P	X:1	L:448,M:3,-:1,E:1
T,I	P	X:1	T:446,I:7
V,A,S	P		V:439,A:14,S:1
I,V,N	P		I:387,V:66,N:1
S,N,T,M	P	X:1	S:449,N:2,T:1,M:1
H,R,N,Y,K	P		H:447,R:3,N:2,Y:1,K:1
H,Y,R	P		H:449,Y:4,R:1
L,G	P	X:4	L:449,G:1
G,L	P	X:4	G:449,L:1
L,Q	P	X:4	L:449,Q:1
Q,R	P	X:5	Q:448,R:1
R,K,L	P	X:5	R:444,K:4,L:1
L,G	P	X:5	L:448,G:1
G,Y	P	X:5	G:448,Y:1
Y,V	P	X:5	Y:448,V:1
V,I,L	P	X:5	V:444,I:4,L:1
L,E	P	X:5	L:448,E:1
E	P	X:5	E:449
E,M	P	X:5	E:448,M:1
M,S	P	X:5	M:448,S:1
S,N,R	P	X:5	S:446,N:2,R:1
R,C,I	P	X:5	R:375,C:73,I:1
I,T,A,P	P	X:5	I:442,T:4,A:2,P:1
P,S,G	P	X:3	P:448,S:2,G:1
R,K,M	P	X:3	R:448,K:2,M:1
R,I	P	X:4	R:449,I:1
I,S	P	X:4	I:449,S:1
S,R	P	X:4	S:449,R:1
R,F,S	P	X:4	R:448,F:1,S:1
F,D	P	X:5	F:448,D:1
D,L	P	X:5	D:448,L:1
L,E	P	X:5	L:448,E:1
E,N	P	X:5	E:448,N:1
N,E	P	X:5	N:448,E:1
E,A	P	X:5	E:448,A:1
A,L	P	X:5	A:448,L:1
L,I	P	X:5	L:448,I:1
I,V,T	P	X:5	I:440,V:8,T:1
T,N	P	X:5	T:448,N:1
N,H,Q	P	X:5	N:446,H:2,Q:1
Q,M	P	X:5	Q:448,M:1
M,E	P	X:5	M:448,E:1
E,K	P	X:5	E:448,K:1
K,E,G	P	X:5	K:445,E:3,G:1
G,H,E	P	X:4	G:448,H:1,E:1
H,R	P	X:4	H:449,R:1
Y,A	P	X:4	Y:449,A:1
N,S,M	P	X:2	N:433,S:18,M:1
Q,H,D	P	X:2	Q:449,H:2,D:1
R,K,S	P	X:4	R:447,K:2,S:1
S,P,E	P	X:3	S:438,P:12,E:1
E,G,D,K	P	X:3	E:448,G:1,D:1,K:1
K,V	P	X:4	K:449,V:1
V,T	P	X:4	V:449,T:1
T,N	P	X:4	T:449,N:1
N,R,W	P	X:4	N:447,R:2,W:1
W,L	P	X:5	W:448,L:1
L,Q	P	X:4	L:449,Q:1
Q,R,S	P	X:4	Q:447,R:2,S:1
S,N	P	X:3	S:449,N:2
N,G	P	X:4	N:449,G:1
W,R,D	P	X:3	W:448,R:2,D:1
V,S,I	P	X:3	V:449,S:1,I:1
K,R,P	P		K:437,R:16,P:1
D,S,V,N	P	X:2	D:448,S:2,V:1,N:1
W,E	P	X:4	W:449,E:1
D,G	P	X:4	D:449,G:1
G,R	P	X:4	G:449,R:1
S,P,I	P	X:3	S:449,P:1,I:1
P,C	P	X:4	P:449,C:1
C,R	P	X:4	C:449,R:1
A,R	P	X:4	A:449,R:1
R,V	P	X:4	R:449,V:1
V,S	P	X:5	V:448,S:1
S,P	P	X:4	S:449,P:1
P,G	P	X:4	P:449,G:1
G,A	P	X:6	G:447,A:1
A,G,V	P	X:4	A:448,G:1,V:1
G,W	P	X:4	G:449,W:1
W,S	P	X:4	W:449,S:1
R,E	P	X:5	R:448,E:1
K,S	P	X:4	K:449,S:1
A,Q	P	X:4	A:449,Q:1
Q,M	P	X:4	Q:449,M:1
L,Y	P	X:4	L:449,Y:1
T,I,N,E	P		T:426,I:25,N:2,E:1
T,A,K	P		T:393,A:60,K:1
V,M,R	P		V:445,M:8,R:1
D,E	P	X:1	D:394,E:59
M,V,T,D	P	X:1	M:447,V:4,T:1,D:1
